city,score,rank,region,SDG1,SDG2,SDG3,SDG4,SDG5,SDG6,SDG7,SDG8,SDG9,SDG10,SDG11,SDG12,SDG13,SDG15,SDG16,sdg1_depriv : Severe material deprivation rate in cities (%),sdg1_povrisk : People at risk of poverty or social exclusion (%),"sdg2_obesity : Obesity rate (BMI <30), %","sdg3_traffic : Traffic fatalities (per 10,000 population)","sdg3_infmort : Infant mortality rate (under 1) per 1,000 births","sdg3_doctors : General practitioners per (100,000 pop)",sdg3_lifee : Life expectancy (years),sdg3_smoke : Daily smokers (%),sdg3_active : Active lifestyle (%),sdg4_earlyleav : Early leavers from education (% 18-24),sdg4_secondary : Adults with upper secondary education (% 25-64),sdg4_neet : NEET rate (% 15-24),sdg4_edusat : Satisfaction with schools (%),sdg4_earlyedu : Four year-olds in early childhood education (%),sdg4_adultedu : Adult participation in learning (%),sdg4_uni : University appearances in rankings,sdg5_wgap : Gender wage gap (% male wage),sdg5_assemb : Women in regional assemblies (%),sdg5_emplogap : Gender gap in unemployment (%),sdg6_sectreat : Waste water treated (%),sdg6_consew : Population connected to Sewerage Treatment (%),sdg7_renenergy : Renewable energy generated (%),sdg8_gdppc : GDP per capita ,sdg8_gdp : 5 year average of Annual real GDP Growth Rates,sdg8_ltunemp : Long term unemployment Rate (%),sdg9_rd : R&D expenditure (%),sdg9_intcon : Access to Internet at Home (%),sdg9_patents : Patent applicants (per million pop),sdg9_design : Community design applications (per million pop.),sdg9_road : Potential road accessibility ,sdg9_trains : Direct trains to other cities (per million pop.),sdg10_gini : Gini Coefficient (1-100),sdg11_pm25 : Concentration PM2.5 (microgr/m3),sdg11_nox : Emission of nitrogen oxides (kg/km2),sdg11_sathous : Satisfaction affordable housing (%),sdg11_rburden : Housing cost overburden rate in urban areas (%),"sdg11_evstations : Recharging stations (per 10,000 people)",sdg11_satpubtran : Satisfaction public transport (%),sdg11_culture : Satisfaction cultural facilities (%),"sdg11_sights : Sights & landmarks (per 100,000)","sdg11_museums : Museums (per 100,000)","sdg11_concerts : Concerts & shows (per 100,000)",sdg12_munwaste : Municipal waste (kg/capita),sdg12_recycle : Municipal recycling rate (%),sdg12_chemstatgw : Ground water of good chemical status (%),sdg12_chemstatsw : Surface water of good chemical status (%),sdg13_co2 : CO2 Emissions (tonnes per capita),sdg15_nat2000 : Natura 2000 Area in good quality (%),sdg15_urbgreen : Urban green area (%),sdg15_soilseal : Soil sealing (%),sdg15_ecostatsw : Surface Water of Good Ecological Status (%),"sdg16_burglary : Burglaries (per 100,000)","sdg16_rob : Robberies (per 100,000)","sdg16_homicide : Intentional homocides (per 100,000)",sdg16_safety : Perception of neighborhood safety (%),sdg16_govqual : Quality of local government,Dashboard SDG1,Dashboard SDG2,Dashboard SDG3,Dashboard SDG4,Dashboard SDG5,Dashboard SDG6,Dashboard SDG7,Dashboard SDG8,Dashboard SDG9,Dashboard SDG10,Dashboard SDG11,Dashboard SDG12,Dashboard SDG13,Dashboard SDG15,Dashboard SDG16,Dashboard: Severe material deprivation rate in cities (%),Dashboard: People at risk of poverty or social exclusion (%),"Dashboard: Obesity rate (BMI <30), %","Dashboard: Traffic fatalities (per 10,000 population)","Dashboard: Infant mortality rate (under 1) per 1,000 births","Dashboard: General practitioners per (100,000 pop)",Dashboard: Life expectancy (years),Dashboard: Daily smokers (%),Dashboard: Active lifestyle (%),Dashboard: Early leavers from education (% 18-24),Dashboard: Adults with upper secondary education (% 25-64),Dashboard: NEET rate (% 15-24),Dashboard: Satisfaction with schools (%),Dashboard: Four year-olds in early childhood education (%),Dashboard: Adult participation in learning (%),Dashboard: University appearances in rankings,Dashboard: Gender wage gap (% male wage),Dashboard: Women in regional assemblies (%),Dashboard: Gender gap in unemployment (%),Dashboard: Waste water treated (%),Dashboard: Population connected to Sewerage Treatment (%),Dashboard: Renewable energy generated (%),Dashboard: GDP per capita ,Dashboard: 5 year average of Annual real GDP Growth Rates,Dashboard: Long term unemployment Rate (%),Dashboard: R&D expenditure (%),Dashboard: Access to Internet at Home (%),Dashboard: Patent applicants (per million pop),Dashboard: Community design applications (per million pop.),Dashboard: Potential road accessibility ,Dashboard: Direct trains to other cities (per million pop.),Dashboard: Gini Coefficient (1-100),Dashboard: Concentration PM2.5 (microgr/m3),Dashboard: Emission of nitrogen oxides (kg/km2),Dashboard: Satisfaction affordable housing (%),Dashboard: Housing cost overburden rate in urban areas (%),"Dashboard: Recharging stations (per 10,000 people)",Dashboard: Satisfaction public transport (%),Dashboard: Satisfaction cultural facilities (%),"Dashboard: Sights & landmarks (per 100,000)","Dashboard: Museums (per 100,000)","Dashboard: Concerts & shows (per 100,000)",Dashboard: Municipal waste (kg/capita),Dashboard: Municipal recycling rate (%),Dashboard: Ground water of good chemical status (%),Dashboard: Surface water of good chemical status (%),Dashboard: CO2 Emissions (tonnes per capita),Dashboard: Natura 2000 Area in good quality (%),Dashboard: Urban green area (%),Dashboard: Soil sealing (%),Dashboard: Surface Water of Good Ecological Status (%),"Dashboard: Burglaries (per 100,000)","Dashboard: Robberies (per 100,000)","Dashboard: Intentional homocides (per 100,000)",Dashboard: Perception of neighborhood safety (%),Dashboard: Quality of local government
Oslo,74.8,1,Northern Europe,82.1,87.0,80.0,72.7,66.0,100.0,98.0,98.6,52.5,82.3,63.2,60.2,45.3,90.9,81.3,1.5,16.1,7,0.13,1.974,529.57,83,11.2301414122664,27.9541175651369,8.5,84.2,4,80,96.2,22.5,4,15.7807857378673,,2.69999999999999,,,98,75000,,1.2,,98,145.463,5.666666667,15538924,,27.1,10.85657324,,14,7.1,0.68990444823392,89,53,123,103,27,433.890159037431,38.8,,,,,63.72164721427,10.97991632,,103.935604918719,143.680100306108,0.749896139384695,98,,yellow,green,green,yellow,yellow,gray,green,green,orange,green,orange,yellow,gray,green,yellow,green,yellow,green,green,green,green,green,green,green,yellow,yellow,green,green,green,green,yellow,red,,green,,,green,green,,green,,green,yellow,red,orange,,green,yellow,,red,yellow,orange,green,green,yellow,green,green,yellow,yellow,,,,,green,green,,green,yellow,green,green,
Stockholm,74.2,2,Northern Europe,84.0,74.6,85.4,79.0,76.0,100.0,91.9,93.0,97.7,72.8,57.4,54.8,48.1,48.2,79.1,1.6,14.4,11,0.043,1.684,483.04,82.9,9.59643686414725,37.0224840709625,8.1,86.9,5.8,67,93.5,31.6,9.5,16.6830708661417,49.7,2.69999999999999,,100,92.1,65000,1.09197687644314,1.2,3.81,97,396.849,143.3333333,,,30.9,5.5145110025,5.91421028526254,7,10.6,0.163063118648251,79,55,95,69,19,507.911385082446,46.8,98.5,0,8.1,37.1364653243848,24.1392447259393,24.61717225,24.1,270.023710258874,133.799899517862,1.05770671555622,96,153.5958,green,yellow,green,yellow,yellow,green,green,yellow,green,yellow,red,orange,red,orange,yellow,green,green,yellow,green,green,green,green,green,green,yellow,yellow,green,yellow,yellow,green,green,red,green,green,,green,green,green,yellow,green,green,green,green,green,,,yellow,green,yellow,red,yellow,red,green,green,orange,yellow,yellow,orange,yellow,green,red,red,yellow,orange,yellow,orange,yellow,yellow,green,green,green
Helsinki,71.3,3,Northern Europe,85.8,39.9,83.4,74.0,65.4,100.0,30.4,76.9,97.8,82.3,55.7,73.0,52.6,50.3,87.5,2.4,11.8,22.2,0.048,1.764,440.97,82,13.823946649264,43.0528766877848,8.1,88,8.5,79,86,30.4,4,20.3339882121807,45.5,4.8,100,100,32.1,51000,-1.19683263574369,1.9,3.61,98,410.553,142.3333333,,,27.1,8.965,18.2936959630086,8,5.6,0.408962255225408,93,55,85,61,16,506.20176756743,42,89.8,93.7,7.4,29.9026952946551,27.6865388266565,35.75341751,48.4,94.2444361295568,39.7364818136927,1.58701770684487,95,158.2649,green,orange,green,yellow,orange,green,orange,yellow,green,green,red,orange,red,orange,yellow,green,green,orange,green,green,green,green,green,green,yellow,yellow,green,green,yellow,green,yellow,red,green,green,green,green,orange,green,red,green,green,green,green,green,,,green,green,red,red,green,orange,green,green,orange,yellow,orange,orange,yellow,green,green,red,orange,yellow,orange,green,green,green,yellow,green,green
Copenhagen,68.7,4,Northern Europe,74.3,67.2,73.0,72.5,54.4,100.0,62.1,87.5,76.7,79.3,57.5,47.1,35.3,36.8,55.0,3.9,18.4,13.4,,2.644,440.39,80.8,19.4455572091909,35.1010621065024,7.2,85,6.1,64,97.6,30.6,4.25,40.9756097560976,41.5,4,100,,63,59000,0.337164987594174,1.6,4.59,98,161.751,53.33333333,,,28.3,11.265756345,15.9954284641785,8,22.4,0.732202255182946,75,54,148,78,34,,46.3,71.3,0,10.1,80.8973944003884,13.2040119034498,53.65606648,15.7,751.161063576076,763.320851028221,1.17675362440116,95,163.0745,yellow,yellow,green,yellow,orange,green,green,yellow,yellow,green,red,orange,red,red,red,green,yellow,yellow,,green,green,green,green,green,yellow,yellow,green,yellow,green,green,yellow,red,green,green,green,,green,green,orange,green,green,green,yellow,orange,,,green,yellow,red,red,red,yellow,green,green,yellow,yellow,green,,yellow,yellow,red,red,green,orange,red,red,red,red,green,green,green
Zurich,67.5,5,Western Europe,85.0,78.8,79.5,75.1,48.2,100.0,34.5,98.2,84.8,69.3,57.4,87.6,54.5,43.9,80.5,0,13.5,9.66,0.176,2.688,520.78,83.9,18.7958547585989,38.8465792645828,3.7,90.5,6.1,85,39.8,35.5,7.75,17.8237650200267,,9.19999999999999,,100,,71200,,1.4,,94,385.113,65.66666667,,,32.3,14.3042878188,,7,15.8,0.443557627880688,97,66,51,53,14,318.377755462376,52.5,,,7.1,,25.7592928377153,30.82717588,,360.558586906044,41.9363575450833,0.940879816716612,98,,green,green,green,orange,orange,green,gray,green,yellow,yellow,orange,green,red,orange,yellow,green,green,green,green,green,green,green,green,green,green,green,green,green,red,green,green,red,,orange,,green,,green,,green,,green,green,yellow,,,yellow,yellow,,red,orange,orange,green,green,orange,yellow,orange,green,green,,,red,,yellow,orange,,orange,green,green,green,
Lyon,64.9,6,Western Europe,73.2,70.6,63.4,72.9,68.6,98.1,34.5,85.5,68.9,60.5,55.9,71.6,64.1,46.9,65.8,4.8,17.1,12.3,0.319,3.033,339.28,83.9,19.1717729589269,22.6667641758463,8.4,82.7,8.9,,100,24.5,4.5,14.568345323741,47.1,8.2,100,,,43000,0.217039457269069,2.5,2.77,89,162.236,69,22394240,16.857143,35.8,14,6.51133540591107,,6.8,0.408577548018614,,,64,28,27,365.172035770363,42.9,80,67,5.6,39.4001404001404,9.33407688017999,37.51200892,51.9,302.884987570641,196.923626104235,0.430081629493278,,78.8318,yellow,yellow,yellow,yellow,orange,green,gray,yellow,yellow,orange,orange,yellow,red,red,orange,yellow,yellow,yellow,yellow,green,green,green,green,yellow,yellow,yellow,green,,green,green,yellow,orange,green,yellow,green,,,green,orange,green,yellow,yellow,yellow,yellow,green,yellow,orange,yellow,yellow,,green,orange,,,orange,orange,green,yellow,yellow,yellow,yellow,red,yellow,red,red,green,orange,orange,green,,yellow
Paris,64.7,7,Western Europe,73.2,75.5,65.8,75.7,68.2,98.1,94.9,90.7,81.2,55.3,60.8,31.9,50.6,21.0,49.6,4.8,17.1,10.7,0.176,3.912,394.41,84.2,22.5454539326001,26.04507849969,7.5,79.5,10.5,71,100,17.9,19.75,17.6770013882462,49.8,7.3,100,,95,55000,1.29402560494006,4,2.9,91,227.147,300.3333333,,,37.9,17.5,5.24340233351228,4,6.8,0.242911342859736,79,44,468,216,239,468.188728490899,42.9,17,5.9,7.7,,14.2518265490084,73.72691906,28.3,339.159233426801,849.823041378343,1.9249578113413,83,55.1796,yellow,yellow,yellow,yellow,orange,green,green,yellow,yellow,orange,orange,red,red,orange,orange,yellow,yellow,yellow,green,green,green,green,orange,green,yellow,yellow,yellow,yellow,green,yellow,green,red,green,yellow,green,,green,green,yellow,green,yellow,green,green,green,,,orange,yellow,yellow,red,green,orange,green,green,green,green,green,orange,yellow,red,red,red,,orange,red,orange,orange,red,yellow,yellow,yellow
Munich,64.2,8,Central and Eastern Europe,75.9,65.3,73.8,67.7,40.6,99.8,25.0,92.0,92.0,70.8,67.4,82.0,53.8,38.7,89.9,4.2,16.2,14,0.103,1.764,437.79,82.5,23.1018650024408,35.7181891291353,6.7,90.6,4,63,95.9,8.5,7.75,25.6091496767777,28.3,8.60000000000001,100,99.9,,61000,0.821705675042092,0.6,4.35,92,515.718,154,24430700,19.714286,31.7,14.7769699633333,5.58111275727764,3,17.9,1.24291385446025,86,60,122,61,30,392.855394548053,67.6,69.6,97.8,7.2,46.1954096786396,16.2730923694779,45.84835341,23.4,54.4969920801802,37.2191236637822,0.614627730227597,96,104.461,yellow,yellow,yellow,orange,orange,green,gray,yellow,green,yellow,red,yellow,red,orange,yellow,yellow,yellow,yellow,green,green,green,green,orange,green,yellow,green,green,orange,green,orange,green,red,orange,yellow,green,green,,green,yellow,green,green,green,green,green,green,green,yellow,yellow,yellow,red,red,green,green,green,yellow,yellow,green,yellow,green,yellow,green,red,yellow,orange,red,orange,green,green,green,green,yellow
TheHague,63.7,9,Western Europe,75.0,59.8,65.0,76.1,50.7,100.0,34.5,81.2,63.6,79.5,75.9,72.6,45.4,36.2,49.3,3.8,18,15.8,0.257,3.641,340.76,81.8,18.3732822141802,29.8855009610585,6.6,78,4.3,,96.2,19.8,,18.3579806221316,33.9,10.5,100,100,,42000,-0.466759118671307,2.3,2.19,99,80.242,37.33333333,23996722,34.714286,28.2,14.23,4.03809289896648,,12.2,6.9556093945224,,,42,31,18,482.350708502024,54.2,72.7,82.3,,57.074158440901,19.3279285630361,46.19045941,0.6,827.06177026114,136.067645057829,,,136.7804,yellow,yellow,green,yellow,orange,green,gray,yellow,orange,green,orange,yellow,gray,red,orange,green,yellow,yellow,green,green,green,green,green,green,yellow,yellow,green,,green,green,,red,yellow,orange,green,green,,green,red,green,yellow,green,orange,orange,green,green,green,yellow,yellow,,orange,green,,,orange,orange,yellow,orange,green,yellow,yellow,,green,orange,red,red,red,yellow,,,green
Eindhoven,63.5,10,Western Europe,78.4,70.6,65.9,73.1,49.3,100.0,34.5,89.9,89.7,79.5,68.5,42.1,45.4,10.6,60.7,3.8,14.9,12.3,0.32,3.042,246.76,81.6,16.402164718444,35.7686192647672,7.9,76.5,3.7,,95.9,17.9,,19.0738699007718,30.4,9.10000000000001,100,100,,48000,0.726132618647681,1.7,2.78,98,1430.109,147,24973290,17.642857,28.2,14.7670909,7.41424271229404,,12.2,4.2139090504527,,,11,9,5,599.726231842258,54.2,40,27.1,,3.23917995444191,10.3910740448552,44.30711146,0,704.287291454166,49.6217327436486,,,123.8241,green,yellow,yellow,yellow,orange,green,gray,yellow,yellow,green,red,red,gray,red,orange,green,green,yellow,yellow,green,yellow,green,green,green,yellow,orange,green,,green,yellow,,red,yellow,orange,green,green,,green,orange,green,yellow,green,green,green,green,yellow,green,yellow,yellow,,orange,green,,,red,red,red,red,green,red,red,,red,red,red,red,red,green,,,green
Amsterdam,63.5,11,Western Europe,75.0,72.8,66.7,76.8,60.4,100.0,13.2,97.3,66.7,79.5,75.7,73.5,32.7,15.5,52.5,3.8,18,11.6,0.225,3.796,467.44,81.6,24.2547916625495,32.9647291277238,6.2,81.6,4,75,95.7,20.4,,18.3579806221316,41.1,7.59999999999999,100,100,15.3,51000,1.82447990217106,1.7,1.72,99,95.23,86.66666667,,,28.2,15.5574063128571,8.44068227164099,10,12.2,4.95891134872767,82,56,166,135,81,466.671170731585,54.2,72.7,82.3,10.5,,4.38709015341988,34.06572939,0.6,775.588537661452,195.099855451435,,92,119.6079,yellow,yellow,yellow,yellow,orange,green,red,green,orange,green,orange,yellow,red,red,orange,green,yellow,yellow,green,green,green,green,orange,green,yellow,yellow,green,green,green,green,,red,green,yellow,green,green,red,green,green,green,orange,green,orange,yellow,,,green,yellow,yellow,red,orange,green,green,green,yellow,green,green,orange,green,yellow,yellow,red,,red,orange,red,red,orange,,green,green
Rotterdam,63.4,12,Western Europe,75.0,59.4,67.2,77.3,50.7,100.0,16.0,84.6,66.9,79.5,60.3,71.2,28.8,36.7,80.0,3.8,18,15.9,0.178,3.015,340.76,81.8,18.3732822141802,29.8855009610585,6.6,78,4.3,80,96.2,19.8,,18.3579806221316,33.9,10.5,99.9999999999999,100,18,43000,0.037805251301289,2.3,2.19,99,90.239,76.66666667,,,28.2,14.6478415057143,31.5335186631671,34,12.2,5.43231542583817,87,47,65,28,12,507.874488474657,54.2,72.7,82.3,11.1,98.5083519770016,5.69597203000947,35.1471338,0.6,,,,85,136.7804,yellow,yellow,green,yellow,orange,green,orange,yellow,orange,green,orange,orange,red,red,gray,green,yellow,yellow,green,green,green,green,green,green,yellow,yellow,green,green,green,green,,red,yellow,orange,green,green,orange,green,orange,green,yellow,green,orange,yellow,,,green,yellow,red,orange,orange,green,green,green,orange,orange,orange,orange,green,yellow,yellow,red,green,red,orange,red,,,,green,green
Luxembourg,63.0,13,Western Europe,76.1,38.7,67.9,63.1,62.5,98.1,6.8,88.0,63.0,65.5,47.3,81.5,45.4,60.6,79.7,1.2,21.5,22.6,0.226,,288.45,82.7,14.9,,7.3,76.4,5.9,78,94.8,17.2,0,8.70141342756183,28.3,7.40000000000001,100,,9,90000,0.516126094808428,2.1,1.27,97,110.221,95.66666667,24250160,5.7857143,33.8,16.30410958,23.9670177109635,13,14.6,1.1004508462467,80,42,36,16,4,,48.3,,,,50.3657915255716,30.3253292021689,29.44926414,,251.749293595207,53.4988411406088,1.3544010415344,91,132.0166,yellow,orange,yellow,orange,yellow,green,red,yellow,orange,yellow,red,gray,gray,yellow,yellow,green,yellow,orange,green,,yellow,green,green,,yellow,orange,green,green,yellow,yellow,red,yellow,orange,yellow,green,,red,green,orange,green,orange,green,orange,green,green,orange,yellow,yellow,red,red,orange,yellow,green,green,orange,orange,red,,yellow,,,,yellow,yellow,yellow,,yellow,green,green,green,green
Hamburg,63.0,14,Central and Eastern Europe,71.7,76.2,79.6,57.8,53.8,98.8,44.1,89.5,78.3,70.8,72.1,72.9,28.8,37.4,67.9,4.2,20,10.5,0.162,3.389,614.42,81.2,21.6200916898312,52.5138955007396,11.2,84.3,8,60,96.6,10.4,3.25,23.0248306997743,38.8,7.10000000000001,100,99.2,45.4,46000,0.697551738932851,1.9,2.21,96,201.074,107.3333333,23237584,19.142857,31.7,14.03143015,6.39231877176591,6,17.9,2.59605686579712,88,52,104,61,45,447.872002363199,67.6,55.4,91.4,11.1,48.5853646614838,12.0128533680339,34.80535904,8.1,416.252862566959,146.373419028986,0.994234544347832,92,76.6649,yellow,yellow,yellow,orange,orange,green,yellow,yellow,yellow,yellow,red,orange,red,red,orange,yellow,yellow,yellow,green,green,green,green,yellow,green,orange,yellow,green,orange,green,orange,orange,red,yellow,yellow,green,green,yellow,green,orange,green,yellow,green,green,green,green,green,yellow,yellow,yellow,red,red,green,green,green,yellow,yellow,green,yellow,green,orange,green,red,yellow,red,orange,red,red,yellow,green,green,yellow
Bordeaux,62.6,15,Western Europe,73.2,68.4,60.0,69.0,74.0,98.1,34.5,76.7,37.2,63.0,52.5,54.8,45.4,50.8,72.1,4.8,17.1,13,0.204,3.785,351.31,83.3,23.856684102494,21.003013830353,7,79.6,12.8,83,100,20.2,3,14.9817295980512,47.5,4.3,100,,,32000,-0.824635614984645,3.9,1.6,88,71.429,13,19619467,4.2857143,34.8,13.9451906048878,4.610334549687,25,6.8,0.433806748524114,83,28,67,17,14,448.717516826907,42.9,58.1,45.8,,30.9162351858244,23.1645500626805,27.20764521,43.3,309.888907750052,115.996152322752,1.13166977875856,90,93.857,yellow,yellow,orange,orange,yellow,green,gray,orange,orange,yellow,orange,orange,gray,orange,yellow,yellow,yellow,yellow,green,green,green,green,orange,yellow,yellow,yellow,orange,green,green,green,orange,orange,green,green,green,,,green,red,green,orange,yellow,orange,orange,yellow,orange,yellow,yellow,yellow,orange,green,orange,green,orange,orange,orange,orange,yellow,yellow,orange,orange,,orange,orange,yellow,yellow,orange,yellow,green,green,yellow
Vienna,62.5,16,Central and Eastern Europe,56.7,61.6,72.2,73.0,54.9,93.7,25.0,74.1,68.5,82.0,72.5,98.9,28.8,59.7,62.9,7.2,26,15.2,0.119,4.517,681.16,80.9,26.336467879679,34.5416981204641,9.6,83.8,9.6,71,92.5,20.8,10,21.8106995884774,36,5.9,100,,,43000,-1.18054889518466,4.1,3.66,89,129.86,64.33333333,22966978,9.4285714,27.2,18.001366825,4.51935309320072,18,11.3,0.417652344047008,95,80,244,117,99,,57.6,97.7,99.5,11.1,64.3438531754457,23.7477703321602,33.88032107,42.1,498.987460791548,167.221573135745,0.910267929333223,92,46.5641,orange,yellow,orange,yellow,orange,green,gray,orange,yellow,green,orange,green,red,orange,orange,yellow,orange,yellow,green,yellow,green,green,red,green,yellow,yellow,green,yellow,yellow,green,green,red,yellow,yellow,green,,,green,red,green,green,yellow,yellow,yellow,green,orange,green,orange,yellow,red,yellow,orange,green,green,green,green,green,,green,green,green,red,green,orange,orange,yellow,red,orange,green,green,yellow
Ljubljana,62.5,17,Central and Eastern Europe,79.1,46.1,66.9,67.2,81.1,83.3,25.0,80.2,35.2,86.5,54.8,76.4,46.0,78.7,76.2,3.8,14.3,20.2,0.277,3.575,354.95,82.6,19.6280082281808,33.1274782969123,5,89.6,5.8,79,91.8,13.6,1,0.65717415115006,35.6,5,100,89,,28000,-0.267506013500975,2.9,2.66,84,47.726,,,1.1428571,25.4,20.26404494,5.54124393317968,27,7.2,0.42618479372656,75,45,53,29,11,542.477289833407,57.8,77.8,98.3,,100,42.4273255813954,13.58059805,47.1,216.798351591337,53.7363435568271,0.555893209208556,92,-2.004,green,orange,green,orange,yellow,yellow,gray,yellow,orange,green,orange,orange,gray,green,yellow,green,green,orange,green,green,green,green,green,green,green,yellow,green,green,yellow,yellow,red,green,yellow,green,green,orange,,green,red,green,yellow,yellow,orange,,,red,green,orange,yellow,orange,yellow,orange,green,green,orange,orange,orange,orange,green,yellow,green,,green,green,green,green,yellow,green,green,green,orange
Berlin,62.1,18,Central and Eastern Europe,66.3,70.9,66.6,60.9,61.4,99.4,25.0,85.5,86.3,70.8,76.7,76.3,33.3,28.0,65.3,4.2,24.8,12.2,0.159,3.182,529.14,80.9,29.5332177871894,33.2635412575306,13.2,86.3,9.4,53,96.1,10.8,9.25,14.1322781232335,32.9,6.09999999999999,100,99.6,,33000,0.288573000165206,2.9,3.53,95,164.349,101.6666667,24836406,26.357143,31.7,16.2933435225,4.42177988148764,10,17.9,1.44062794594428,84,58,315,204,105,386.922728805513,67.6,55.4,91.4,10.4,15.3439959548721,22.4432359701744,34.80931771,8.1,243.731869767234,167.756228967531,1.14690768512069,86,46.9975,yellow,yellow,orange,orange,orange,green,gray,yellow,yellow,yellow,red,yellow,red,orange,yellow,yellow,orange,yellow,green,green,green,green,red,green,orange,yellow,green,red,green,orange,green,orange,yellow,yellow,green,green,,green,orange,green,green,green,yellow,green,green,green,yellow,yellow,yellow,red,red,green,green,green,green,green,green,yellow,green,orange,green,red,orange,orange,orange,red,yellow,orange,green,green,yellow
London,62.0,19,Western Europe,67.6,44.0,76.5,64.1,40.8,98.1,41.5,98.2,76.1,67.0,73.2,44.3,33.3,20.9,68.4,4.8,22.2,20.9,0.149,3.253,280.41,82.8,11.3958407593162,41.7221393168524,6,85.5,9.3,66,56.8,15.8,26.75,29.1202872531418,40,12.6,100,,42.9,55000,,1.4,,96,55.767,376.6666667,23987862,162.42857,33.2,15.02996603,5.39578584093028,11,13.5,,86,44,663,311,333,419.396703831251,44.3,43.5,12.6,10.4,,9.72499762108669,47.869381174375,23.1,429.86192695593,,1.15182561396674,86,100.291,yellow,orange,yellow,orange,orange,green,yellow,green,yellow,yellow,orange,red,red,red,orange,yellow,yellow,orange,green,green,yellow,green,green,green,yellow,yellow,green,yellow,red,yellow,green,red,green,orange,green,,yellow,green,,green,,green,orange,green,green,green,yellow,yellow,yellow,red,orange,,green,green,green,green,green,yellow,yellow,red,red,red,,red,red,orange,red,,green,green,yellow
Nuremburg,61.9,20,Central and Eastern Europe,68.0,65.3,69.0,62.1,40.3,99.8,25.0,92.6,76.8,70.8,67.0,68.8,46.0,26.8,88.3,4.2,23.3,14,0.157,3.302,437.79,81.1,23.1018650024408,35.7181891291353,9.3,85.7,5.1,,95.9,7.3,3.5,25.6091496767777,28.3,8.8,100,99.9,,43000,0.921716039602916,0.7,3.76,,332.294,21.66666667,24126268,20.071429,31.7,14.55082255,9.56524810805633,66,17.9,0.781818039669447,82,,59,28,12,506.299328398451,67.6,64.2,77,,11.941678383636,21.0892110550035,37.46022696,13.7,62.5454431735558,56.4863533661176,0.195454509917362,,104.461,yellow,yellow,yellow,orange,orange,green,gray,yellow,yellow,yellow,orange,orange,gray,red,yellow,yellow,yellow,yellow,green,green,green,green,orange,green,yellow,yellow,green,,green,red,orange,red,orange,yellow,green,green,,green,yellow,green,green,,green,orange,green,green,yellow,yellow,orange,green,red,yellow,green,,orange,orange,orange,orange,green,orange,yellow,,orange,orange,red,red,green,green,green,,yellow
Antwerp,61.7,21,Western Europe,61.1,65.3,64.2,66.5,64.5,98.8,34.5,85.2,67.2,76.8,53.6,44.9,51.3,21.8,47.8,9,,14,0.29,4.027,260.59,82.4,15.4382739169922,30.3556884020854,7.7,77.8,9.3,86,99.3,7.3,3.75,11.5585774058577,42.4,11,100,99.18,,46000,0.137289019721327,2.3,3.16,89,180.082,38.66666667,25043114,18.285714,29.3,17.10960261,21.3986070408248,36,14.7,1.10384705095262,72,44,39,32,8,431.478895410937,53.7,21.9,24.7,7.6,33.3083495727777,8.7031135082128,45.70409414,0,774.420696268325,286.040366246853,2.1117074018224,91,131.7692,orange,yellow,yellow,orange,orange,green,gray,yellow,yellow,green,red,red,red,red,red,orange,,yellow,green,yellow,yellow,green,green,green,yellow,orange,green,green,green,red,orange,orange,green,orange,green,green,,green,orange,green,green,yellow,yellow,orange,green,green,green,yellow,red,yellow,orange,yellow,green,green,orange,orange,red,yellow,green,red,red,red,yellow,red,red,red,red,red,yellow,green,green
Dublin,61.6,22,Western Europe,73.9,30.3,70.5,70.1,46.8,86.4,34.5,96.9,42.2,70.5,60.3,65.3,41.7,44.9,67.7,6.7,,25.3,0.116,3.198,,81.7,21.1782748658111,38.4131562692135,4.9,82.6,10.7,83,87.3,9.4,8,13.8680033416876,22.2,10.8,,91,,58000,10.3150348279416,2.9,1.5,90,78.06,34.66666667,,,31.8,10.54947581,12.4944595112235,12,6.3,0.904734430781142,75,42,182,89,71,,40.7,,,9.1,69.6428355481353,12.868085106383,47.99072104,,531.311978994993,66.3199413592097,1.2122775287848,89,75.8263,yellow,red,yellow,orange,orange,orange,gray,green,orange,yellow,orange,gray,red,red,orange,yellow,,red,green,green,,green,yellow,green,green,yellow,yellow,green,yellow,orange,green,orange,orange,orange,,orange,,green,green,green,orange,green,orange,orange,,,yellow,yellow,orange,red,green,yellow,green,green,green,green,green,,yellow,,,red,green,red,red,,red,green,green,green,yellow
Marseille,61.4,23,Western Europe,73.2,56.0,59.8,57.4,68.2,98.1,34.5,82.9,52.7,59.5,47.2,61.8,45.4,61.8,35.8,4.8,17.1,17,0.537,3.577,402.79,83.1,21.5084869380081,24.6461380776824,11.7,77.5,13.5,65,100,16,3.5,16.004742145821,49.6,8.6,100,,,30000,0.196611432759529,4.4,2.49,89,111.11,28.33333333,20626564,13.214286,36.2,16.5,5.0578203576997,28,6.8,0.353736389746754,67,22,65,30,17,541.026063549607,42.9,80,67,,10.9444735114772,55.1803923512982,21.26917547,51.9,613.388725831698,601.646642894271,2.25998249004871,77,18.8156,yellow,yellow,yellow,orange,orange,green,gray,yellow,orange,orange,orange,orange,gray,yellow,red,yellow,yellow,yellow,yellow,green,green,green,yellow,yellow,orange,orange,orange,yellow,green,yellow,orange,red,green,yellow,green,,,green,orange,green,yellow,yellow,orange,orange,yellow,yellow,orange,yellow,yellow,orange,green,orange,yellow,red,orange,orange,orange,orange,yellow,yellow,yellow,,red,green,green,green,red,red,orange,orange,yellow
Frankfurt,61.2,24,Central and Eastern Europe,77.9,63.2,74.3,62.7,45.4,99.5,25.0,85.7,76.4,70.8,57.8,75.2,35.9,28.9,65.4,4.2,14.4,14.7,0.205,2.111,399.02,81.9,18.6736137677074,39.3151803025596,10.7,84.2,6.2,,95.4,9.5,4.25,24.7754137115839,32.7,8.3,100,99.7,,53000,0.0077832813151,1.3,3.11,94,246.472,32.66666667,25319556,48.285714,31.7,18.25526867,13.654132247528,34,17.9,0.909814316403545,79,,88,38,20,392.377110038652,67.6,64.2,77,10,18.1920240802917,19.1065098291976,36.79085336,13.7,285.844647168576,132.534145195501,1.76531136018598,,84.0277,yellow,yellow,green,orange,orange,green,gray,yellow,yellow,yellow,orange,yellow,red,orange,yellow,yellow,green,yellow,green,green,green,green,green,green,orange,yellow,green,,green,orange,yellow,red,yellow,yellow,green,green,,green,orange,green,green,green,green,orange,green,green,yellow,orange,orange,orange,red,yellow,green,,orange,orange,yellow,yellow,green,orange,yellow,red,orange,orange,orange,red,yellow,yellow,yellow,,yellow
Brussels,60.4,25,Western Europe,61.1,70.0,65.7,56.1,61.6,99.7,34.5,70.6,54.1,56.5,52.4,64.6,51.9,35.5,31.1,9,,12.5,0.142,3.053,381.86,81.3,20.929320837493,27.7060650067194,12.9,72.9,13.3,65,99.1,12.6,5.5,12.9970072680633,41.6,11.4,,99.8,,51000,-0.874628928121763,8.3,1.79,85,94.778,37,25034813,37.214286,37.4,18.247265666,4.38376011316552,19,14.7,0.40864151714418,71,27,161,98,21,293.831886500118,53.7,80,0,7.5,60.336832775261,17.9351504337661,48.75038454,0,967.896622035785,727.715485428594,2.50188683965824,78,20.1588,orange,yellow,yellow,orange,orange,green,gray,orange,orange,orange,orange,orange,red,red,red,orange,,yellow,green,green,green,green,yellow,green,orange,orange,orange,yellow,green,orange,yellow,orange,green,orange,,green,,green,red,orange,orange,yellow,orange,orange,green,green,orange,orange,yellow,red,orange,orange,yellow,orange,yellow,green,yellow,green,green,yellow,red,red,green,orange,red,red,red,red,orange,orange,yellow
Bratislava,60.2,26,Central and Eastern Europe,84.1,45.2,72.4,53.2,47.4,91.8,25.0,96.8,34.0,83.8,39.4,61.8,46.0,65.6,67.4,4.3,8.6,20.5,0.235,2.688,655.75,78.9,,,4.7,96.2,7.9,55,81.8,5.8,0,19.6564885496183,22.2,5.59999999999999,99.9898908208653,94.6,,36000,1.82146944221007,2,1.84,85,9.513,13,21282109,6.1428571,26.5,18.3326764137172,7.46159079103503,14,7.8,0.482947287082562,54,20,124,36,2,428.251273015935,29.8,59.8,95,,33.498670424474,27.5267296025247,16.53372147,63,49.5410442878241,40.5052563359568,2.02526281679784,84,-64.619,yellow,orange,yellow,red,orange,yellow,gray,green,orange,green,red,orange,gray,yellow,orange,yellow,green,orange,green,green,green,yellow,,,green,green,green,red,orange,red,red,red,orange,yellow,green,yellow,,green,green,green,orange,yellow,red,orange,green,orange,green,orange,yellow,red,yellow,orange,orange,red,yellow,orange,red,yellow,orange,orange,green,,yellow,yellow,green,green,green,green,yellow,green,orange
Prague,60.1,27,Central and Eastern Europe,82.6,28.2,75.6,71.5,34.3,95.5,25.0,84.1,57.2,85.3,74.0,50.4,36.5,44.6,65.7,4.5,9.4,26,0.131,1.631,694.78,80.6,25.1592832759919,32.1291052727262,1.6,97.6,2,75,88.7,11.3,3.75,21.1666666666667,26.2,15.5,100,97,,25000,0.524287832790624,0.5,2.97,89,30.548,54.66666667,23368954,13.214286,25.9,18.618258884,3.85017937605379,28,13.4,0.437326436070684,86,57,340,309,136,353.39673212721,34.1,21.2,71.8,9.9,54.9317923186344,15.4483008681989,32.47889934,13.7,214.992799732606,60.3666669790427,1.2495041030591,82,-33.596,yellow,red,yellow,orange,red,green,gray,yellow,orange,green,orange,orange,red,orange,yellow,yellow,green,red,green,green,green,green,red,green,green,green,green,green,yellow,orange,orange,red,orange,red,green,green,,green,orange,green,yellow,yellow,red,yellow,green,yellow,green,orange,green,orange,orange,orange,green,green,green,green,green,yellow,orange,red,yellow,red,yellow,orange,orange,red,yellow,green,green,yellow,orange
Madrid,59.7,28,Southern Europe,66.0,62.5,73.2,55.9,66.1,100.0,60.9,82.0,57.2,59.5,60.5,70.9,43.6,51.0,55.3,6,20.6,14.9,0.193,3.272,463.22,85.2,22.2284793852181,34.5802106241693,13.9,72.9,10.4,50,98.1,11.5,9.25,16.2528216704289,46.1,8,99.9999999999999,,61.86,32000,0.392199507632487,6.1,1.72,89,38.294,119,20275966,13.571429,36.2,9.94610258166667,5.98571113029923,37,11.3,0.163660106984303,72,23,376,112,137,391.659015063118,33.5,75,96.5,8.8,18.3001770421939,28.2514176131197,28.08332093,53.5,200.792423710459,321.638429122359,0.787421269452779,80,41.9102,yellow,yellow,yellow,orange,orange,green,green,yellow,orange,orange,orange,yellow,red,orange,orange,yellow,yellow,yellow,green,green,green,green,yellow,green,orange,orange,yellow,red,green,orange,green,red,green,yellow,green,,green,green,orange,yellow,orange,yellow,orange,green,yellow,yellow,orange,green,yellow,yellow,yellow,red,green,orange,green,green,green,yellow,orange,yellow,green,red,orange,yellow,yellow,green,green,red,green,yellow,yellow
Tallinn,59.5,29,Central and Eastern Europe,68.7,43.0,69.4,56.2,40.5,95.3,25.0,89.1,37.7,68.3,57.5,69.9,46.0,52.9,73.3,3.9,23.4,21.2,0.094,2.178,345.65,78,19.2978071756177,39.28066513118,10.8,88.8,9.4,61,90.6,17.2,0,27.2251308900524,26.7,6.5,100,96.9,,23000,3.25347456987837,1.9,1.49,88,23.609,25.33333333,13712215,,32.7,8.22038567,9.26389016438608,17,5.9,0.788038264397117,71,46,87,86,11,512.357632848656,28.1,100,99.5,,19.8250728862974,25.2150976574766,35.45311813,73.4,209.213672843335,74.9276874834271,,93,13.1276,yellow,orange,yellow,orange,orange,green,gray,yellow,orange,yellow,orange,orange,gray,orange,yellow,green,yellow,orange,green,green,green,orange,green,green,orange,yellow,green,orange,yellow,yellow,red,red,orange,yellow,green,green,,yellow,green,green,orange,yellow,red,orange,orange,,yellow,green,orange,red,green,yellow,yellow,green,orange,green,orange,orange,orange,green,green,,orange,orange,orange,green,yellow,yellow,,green,orange
Barcelona,59.1,30,Southern Europe,67.3,62.5,71.7,52.8,63.0,100.0,82.9,82.5,52.8,59.5,60.3,45.6,54.5,36.9,52.5,6,19.4,14.9,0.255,1.633,326.11,83.9,20.8314224169347,36.5651406213585,17,60.8,13.7,59,97.2,7.7,12,17.2009382329945,43.7,8.10000000000001,100,,83.3,28000,0.736116073381402,6.3,1.52,84,70.872,200.3333333,,,36.2,15.2506366116667,6.79537490037126,31,11.3,0.378117966229499,76,24,283,139,93,453.08352907455,33.5,41,51.2,7.1,45.2169438404123,24.6561385634233,56.22465614,22.5,247.037071269939,406.431147275669,1.0229278313455,84,-5.05,yellow,yellow,yellow,red,orange,green,green,yellow,orange,orange,orange,orange,red,orange,orange,yellow,yellow,yellow,green,green,green,green,yellow,green,red,red,orange,orange,green,red,green,red,green,yellow,green,,green,green,orange,yellow,orange,yellow,orange,green,,,orange,yellow,yellow,orange,yellow,orange,green,orange,green,green,green,orange,orange,red,orange,red,yellow,orange,red,orange,yellow,red,green,green,orange
Warsaw,57.8,31,Central and Eastern Europe,71.7,37.2,60.5,60.4,61.1,91.0,5.9,88.1,52.2,69.8,49.0,58.7,51.9,20.6,63.8,6,15.5,23.1,0.375,3.331,281.13,78.4,20.309884345865,37.6188604310659,3.9,93.6,7.4,61,91,5.7,2.25,10.8562691131498,37.3,11.3,,,8.2,22000,2.70569882883098,1.5,1.74,84,36.415,120.3333333,20433918,7.9285714,32.1,26.29567719,6.57320959156227,24,9,0.142828985142929,76,30,118,60,19,300.038837368232,33.8,94.4,2.2,7.5,12.0931252862259,20.5922718574218,42.39786983,3,,66.7868334528336,,90,-61.361,yellow,orange,yellow,orange,orange,gray,red,yellow,orange,yellow,red,orange,red,red,yellow,yellow,yellow,orange,yellow,green,yellow,orange,yellow,green,green,green,green,orange,yellow,red,orange,yellow,yellow,orange,,,red,yellow,green,green,orange,yellow,orange,green,yellow,orange,yellow,red,yellow,orange,yellow,red,green,orange,yellow,yellow,yellow,green,orange,green,red,red,orange,orange,red,red,,green,,green,orange
Zagreb,57.1,32,Central and Eastern Europe,53.4,46.7,59.6,44.2,65.3,83.6,25.0,55.4,25.4,72.3,53.3,48.3,46.0,77.8,65.4,8.2,26.4,20,0.25,3.571,333.73,77.6,,,3.7,81.4,14.4,71,61.1,2.6,0.5,5.63847429519071,32,9.9,,91,,15000,-0.659204600043196,4.8,1.09,78,0.631,,20699998,1.8571429,31.1,21.8365808627955,7.69300774125968,50,5.9,0.111989468012697,76,31,56,39,13,394.584631664855,23.5,,,,87.4054644493849,34.2555481043652,13.71112428,,160.642670227102,96.1865097486832,1.49319290683596,94,-113.359,orange,orange,yellow,red,orange,orange,gray,orange,red,yellow,orange,orange,gray,yellow,orange,orange,orange,orange,green,green,green,orange,,,green,yellow,orange,yellow,red,red,red,green,yellow,orange,,orange,,orange,red,green,orange,orange,red,,yellow,red,yellow,orange,yellow,green,green,red,green,yellow,orange,orange,orange,yellow,red,,,,green,yellow,green,,green,yellow,green,green,red
Vilnius,56.8,33,Central and Eastern Europe,41.6,27.2,60.7,51.7,63.0,97.1,25.0,82.0,26.8,56.5,48.9,88.5,46.0,56.7,42.2,11.2,29.6,26.3,0.348,3.081,446.69,74.9,24.1787812586986,39.4457332712875,5.4,94.8,9.1,52,84.5,5.9,0.25,11.9565217391304,20.7,0.399999999999991,100,98.1,,19000,4.79710911173115,2.7,1.04,75,21.901,17,15676871,,37.4,22.98863579,3.85899404009391,33,5.6,0.111777220547634,56,39,83,44,9,366.820715962441,48.1,100,98.7,,18.7258058680945,38.8237939390911,24.2013391,51.6,222.93345653667,143.57162994785,5.96145176254047,80,-61.191,orange,red,orange,red,orange,green,gray,yellow,red,orange,orange,yellow,gray,yellow,orange,orange,orange,red,yellow,green,green,red,orange,green,yellow,green,green,red,yellow,red,red,orange,orange,green,green,green,,yellow,green,green,orange,red,red,orange,orange,,orange,orange,green,orange,green,red,orange,green,orange,orange,orange,yellow,yellow,green,green,,orange,green,yellow,green,yellow,yellow,red,yellow,orange
Milan,56.8,34,Southern Europe,50.6,77.4,66.5,59.1,43.8,100.0,37.6,69.9,53.1,71.5,69.8,48.7,48.7,19.3,60.9,11.9,19.7,10.1,0.392,2.081,366.76,84,,,12,64.1,14.2,,91.9,8.7,11.75,9.74658869395712,21.3,15.8,,,39.1,45000,-1.96279407350415,3.3,1.27,84,97.162,196.6666667,,,31.4,30.181780245,5.7057649342022,,11.7,0.571748004552854,,,346,117,47,504.714117684647,45.1,57.4,30.1,8,,4.83941926968764,50.79641443,29.3,414.804984766197,75.7947318169995,0.658737463776925,,-54.156,orange,yellow,yellow,orange,orange,gray,yellow,orange,orange,yellow,orange,orange,red,red,orange,orange,yellow,yellow,yellow,green,green,green,,,orange,red,orange,,yellow,orange,green,yellow,orange,red,,,yellow,green,red,green,orange,yellow,orange,green,,,yellow,red,yellow,,yellow,orange,,,green,green,green,orange,yellow,orange,red,red,,red,red,orange,red,yellow,green,,orange
Turin,56.4,35,Southern Europe,48.1,80.5,63.6,46.5,51.3,100.0,46.7,68.5,52.6,70.0,55.4,50.1,60.3,21.0,50.4,11.9,22,9.1,0.428,2.971,359.25,83.3,,,11.3,61.3,17.6,62,94.9,7.9,5.5,9.74658869395712,25.5,12.8,100,,48,30000,-1.84097173610207,5,2.16,82,116.659,60.66666667,22588096,6.5,32,25.7209582581213,2.45655031986913,42,11.7,0.215114469433331,63,38,109,67,19,480.321247258652,45.1,57.4,30.1,6.2,7.70013386880857,15.1161002614178,53.04343105,29.3,423.901873318451,84.1884601252218,0.956169639064174,68,-65.223,orange,green,yellow,red,orange,green,yellow,orange,orange,yellow,orange,orange,red,red,red,orange,yellow,green,yellow,green,green,green,,,orange,red,red,orange,yellow,red,yellow,yellow,orange,orange,green,,yellow,green,red,green,yellow,orange,orange,yellow,green,orange,yellow,red,green,yellow,yellow,orange,yellow,yellow,yellow,yellow,yellow,orange,yellow,orange,red,red,red,orange,red,orange,red,yellow,green,red,orange
Riga,56.3,36,Central and Eastern Europe,50.6,35.6,58.0,53.9,51.6,93.7,25.0,84.2,26.9,64.5,45.5,52.9,46.0,63.3,46.2,8.5,28.2,23.6,0.203,2.77,319.79,74.9,,,8.6,90.4,10.3,62,92.6,7.5,0,15.4589371980676,17.1,3.5,100,,,21000,5.53944778626662,3.3,0.63,79,26.991,18,15128167,,34.2,16.7957377,6.78276914292668,23,7,0.031180671725211,67,29,69,57,10,352.909710295898,25.2,100,2,,76.3604558176729,20.9540090075282,30.65393347,51.4,265.035709664293,102.896216693196,4.05348732427743,78,-66.852,orange,orange,orange,red,red,green,gray,yellow,red,yellow,orange,orange,gray,orange,orange,orange,orange,orange,green,green,green,red,,,yellow,green,yellow,orange,yellow,red,red,red,red,green,green,,,yellow,green,green,red,orange,red,orange,orange,,yellow,yellow,yellow,orange,green,red,yellow,orange,orange,yellow,orange,yellow,orange,green,red,,green,orange,orange,green,yellow,yellow,red,orange,orange
Budapest,55.4,37,Central and Eastern Europe,52.2,19.2,48.2,54.7,26.0,90.3,25.0,73.2,42.9,74.0,58.7,51.1,62.8,36.4,55.7,10.3,22.3,28.9,0.324,3.104,383.42,77.6,24.2745172308651,8.48022647036886,7.6,89.9,6.8,51,91.9,7.8,2.25,18.2724252491694,9.1,14.7,,95.45,,18000,0.643111577247955,1.3,1.88,89,44.903,20.66666667,20687517,12.785714,30.4,25,3.9201530139086,33,10.9,0.581957934711166,67,33,180,95,38,369.260779342131,35,79.5,3.2,5.8,54.6431749396977,13.5070323354205,45.29541518,9.7,308.551814795881,85.1256116263784,1.82575038340758,80,-76.416,orange,red,orange,red,red,yellow,gray,orange,orange,yellow,orange,orange,red,red,orange,orange,yellow,red,yellow,green,green,orange,orange,red,yellow,yellow,green,red,yellow,red,orange,red,red,red,,yellow,,yellow,orange,green,orange,yellow,orange,orange,yellow,yellow,yellow,orange,green,orange,yellow,orange,yellow,yellow,green,green,green,yellow,orange,yellow,red,red,yellow,orange,red,red,orange,yellow,yellow,yellow,red
Sofia,55.2,38,Central and Eastern Europe,17.4,31.3,61.5,47.9,61.6,96.4,25.0,67.9,26.7,56.5,45.7,63.8,66.7,68.3,28.6,23.4,29.3,25,0.299,2.478,436.82,75.7,,,4.7,91.9,8,47,79.9,4,0,10.7296137339056,25.8,5,,99.45,,13000,1.06177730797559,1.7,1.52,71,13.636,36.33333333,17535538,3.5,37.4,21.8637792,4.49335046837778,41,17.7,0.083104355650379,74,13,50,21,11,566.567179201627,36.2,100,69.7,5.2,61.6964909374215,29.8192570196305,25.64878504,48.5,780.349899557054,111.813133056873,1.43543887032472,63,-259.795,orange,orange,orange,red,orange,green,gray,orange,red,orange,red,orange,red,yellow,red,red,orange,orange,green,green,green,red,,,green,green,green,red,orange,red,red,yellow,orange,green,,green,,orange,yellow,green,orange,red,red,orange,yellow,orange,orange,orange,yellow,yellow,red,red,green,red,orange,orange,orange,red,orange,green,yellow,red,green,yellow,yellow,green,red,yellow,green,red,red
Lisbon,55.1,39,Southern Europe,56.9,18.6,68.6,52.1,61.8,100.0,57.0,63.6,31.0,61.3,49.7,52.6,66.0,31.3,54.1,8.2,23.3,29.1,0.238,2.527,619.06,81.7,25.7772784175085,25.3601241171787,10.8,60.3,8.2,66,80.6,12.8,5,12.6811594202898,26,3.39999999999999,100,,58,23000,-1.29373506592952,4.6,1.51,85,8.634,,,,35.5,11.15,6.51660543037447,14,7.9,0.889645343415508,54,15,163,88,54,621.026778546239,30.9,75,79.5,5.3,,14.6760895170789,62.52308598,49.4,118.560305726091,348.521221585844,1.02787709000198,81,-6.332,yellow,red,orange,orange,orange,green,green,orange,orange,orange,red,orange,red,orange,orange,orange,yellow,red,green,green,green,green,red,green,orange,red,green,yellow,orange,orange,yellow,orange,orange,green,green,,green,yellow,red,green,orange,yellow,red,,,,orange,yellow,yellow,red,yellow,yellow,orange,red,yellow,green,green,red,orange,yellow,yellow,red,,orange,red,green,green,red,green,yellow,orange
Rome,55.0,40,Southern Europe,40.4,82.0,66.3,44.6,45.5,100.0,40.8,59.6,48.0,73.5,46.7,36.3,57.1,38.5,44.4,11.9,28.9,8.6,0.449,2.863,458.27,83.2,,,11,69.7,18.2,50,89,9,6.75,6.70650730411686,19.6,16.2,,,42.2,35000,-3.83170823452853,5.9,1.6,82,29.049,72.66666667,21014116,13.5,30.6,17.017341975,3.49041946420308,19,11.7,0.245765822380676,30,19,795,191,94,589.653967510388,45.1,32.3,30.5,6.7,30.3363800396368,8.65033871808233,19.27109891,16.6,290.855193956587,103.846579013937,0.610363566449264,60,-151.16,orange,green,yellow,red,red,gray,yellow,orange,orange,yellow,red,red,red,orange,red,orange,orange,green,yellow,green,green,green,,,orange,orange,red,red,yellow,orange,green,green,red,red,,,yellow,green,red,yellow,orange,orange,red,yellow,green,yellow,yellow,yellow,green,red,yellow,orange,red,red,green,green,green,red,yellow,red,red,red,orange,red,green,orange,yellow,yellow,green,red,red
Bucharest,54.4,41,Central and Eastern Europe,38.1,39.0,64.6,43.8,57.2,37.1,25.0,84.7,31.8,60.3,45.0,61.5,60.9,32.2,58.4,14.3,25,22.5,,4.297,553.07,76.7,,,5.5,89.1,9.8,48,75.3,1.3,0.5,3.62537764350453,21.4,11.6,69.546792230724,82.4,,19000,4.28650134875299,0.6,0.92,88,15.751,24.66666667,17888110,5.3571429,35.9,22.8870034020149,2.45079669298505,42,9.6,0.043791704756327,48,19,105,47,24,,13.9,86.6,93.1,6.1,,7.85255072221758,62.98012858,59.5,136.027982899339,32.6248200434633,1.20427188079898,76,-222.701,orange,orange,orange,red,orange,red,gray,yellow,red,orange,red,orange,red,red,orange,red,orange,orange,,yellow,green,red,,,yellow,yellow,green,red,orange,red,red,green,orange,orange,red,red,,yellow,green,green,red,yellow,red,orange,yellow,orange,orange,orange,green,yellow,yellow,red,orange,red,yellow,orange,yellow,,red,green,green,red,,red,red,green,green,green,green,orange,red
Valletta,53.8,42,Southern Europe,74.8,19.2,64.5,43.3,30.5,100.0,53.8,89.5,24.5,76.5,40.4,5.2,50.8,43.5,70.5,3.4,19.2,28.9,0.411,,382.78,82.6,,,17.7,51.1,8.6,65,100,10.6,0,7.23306544202067,12.7,22.5,,100,,23000,4.09321398674123,1.6,0.77,85,10.359,24.33333333,,,29.4,,4.43786551424478,44,1.5,0.98109981289025,46,16,39,16,6,606.503470953599,6.4,13.3,0,,32.7593888498623,7.00878594249201,39.44269169,55.5,156.97597006244,45.3174675477877,0.93438077418119,78,19.5095,yellow,red,yellow,red,red,green,gray,yellow,red,green,red,red,gray,red,orange,green,yellow,red,yellow,,green,green,,,red,red,green,yellow,green,orange,red,green,red,red,,green,,yellow,green,green,red,yellow,red,orange,,,green,,yellow,yellow,green,yellow,orange,red,orange,orange,red,red,red,red,red,,orange,red,red,green,green,green,green,orange,yellow
Nicosia,53.7,43,Southern Europe,51.2,41.2,65.6,51.1,43.2,100.0,53.8,53.2,16.4,65.0,50.9,43.6,39.7,42.2,65.6,9.5,25.2,21.8,,,376.84,82.7,,,8.5,81.1,16.1,79,85.6,6.9,0,16.8445121951219,17.9,8.6,100,,,21000,-2.41591886171679,4.5,0.48,79,2.9,21.33333333,,,34,17.03178082,2.47770331950207,43,3.5,0.116986155858316,41,,135,63,13,,16.1,55,74.2,9.4,,11.7432708191624,27.81687883,40,378.099255734076,18.2498403138973,0.81890309100821,75,23.0092,orange,orange,gray,red,red,green,gray,orange,red,yellow,red,orange,red,orange,orange,orange,orange,orange,,,green,green,,,yellow,yellow,red,green,yellow,red,red,red,red,yellow,green,,,yellow,red,green,red,orange,red,orange,,,yellow,yellow,green,yellow,green,red,red,,yellow,yellow,orange,,red,orange,yellow,red,,red,yellow,yellow,orange,green,green,orange,yellow
Porto,53.5,44,Southern Europe,56.9,21.4,65.5,46.1,54.5,100.0,74.7,62.0,18.2,61.3,31.7,38.3,56.4,23.3,67.1,8.2,23.3,28.2,0.326,2.867,469.04,81.7,14.2001588353515,17.4189274009014,12.8,42,9.9,,95.3,8.5,3.25,12.6811594202898,26,8.4,100,,75.3,16000,0.214443135022566,5.4,1.35,74,7.23,,,,35.5,,12.5237096806248,,7.9,0.244325112956735,,,94,30,6,643.912032398324,30.9,75,27.7,6.8,,3.55940355940356,66.02934103,45.8,177.659260707112,162.301682178403,0.17451793782624,,-12.141,yellow,red,yellow,orange,orange,green,green,orange,red,orange,orange,red,red,red,orange,orange,yellow,red,yellow,green,green,green,green,orange,orange,red,green,,green,orange,orange,orange,orange,yellow,green,,green,orange,orange,yellow,orange,red,red,,,,orange,,orange,,yellow,orange,,,orange,orange,red,red,orange,yellow,red,red,,red,red,yellow,green,orange,green,,orange
Athens,48.6,45,Southern Europe,15.4,31.6,74.2,42.4,55.4,100.0,29.7,53.8,23.9,60.0,57.9,15.3,30.8,5.0,34.9,20.5,31.1,24.9,0.301,1.798,920.18,81,,,2.8,82.8,13,50,29.5,6.6,4.75,17.7795655671762,48.5,15.4,100,,31.39,22000,-0.166357714989792,16.7,1.15,81,12.798,,,,36,14.9984123566746,4.48039279988896,62,43.7,0.043247123795973,72,17,112,97,32,,17.2,,,10.8,,6.90806368772471,72.03261428,,750.859498896426,56.4532972245204,1.63444321623879,56,-95.777,orange,orange,yellow,red,red,green,orange,red,orange,orange,red,gray,red,red,red,red,orange,orange,yellow,green,green,green,,,green,yellow,orange,red,red,red,yellow,red,green,red,green,,orange,yellow,red,red,orange,orange,red,,,,orange,yellow,yellow,green,red,red,green,red,yellow,green,green,,red,,,red,,red,red,,red,green,yellow,red,red
